[
  {
    "userId": 1700293834391,
    "userName": "Kitty貓",
    "userAccount": "kittyQQQ",
    "userGender": "W",
    "createTime": "2023-11-18T07:50:34.391Z"
  },
  {
    "userId": 1700295063363,
    "userName": "皮卡丘",
    "userAccount": "pikachu777",
    "userGender": "M",
    "createTime": "2023-11-18T08:11:03.363Z"
  },
  {
    "userId": 1700295063981,
    "userName": "科學小飛俠",
    "userAccount": "science666",
    "userGender": "M",
    "createTime": "2023-11-18T08:11:03.981Z"
  },
  {
    "userId": 1700391489556,
    "userName": "張學友",
    "userAccount": "jacky888",
    "userGender": "M",
    "createTime": "2023-11-19T10:58:09.556Z"
  }
]